{"cameraMode":{"drawMode":0,"name":"Shaded","section":"Shading Mode"},"sceneLighting":true,"audioPlay":false,"sceneViewState":{"showFog":true,"showMaterialUpdate":false,"showSkybox":true,"showFlares":true,"showImageEffects":true,"showParticleSystems":true},"in2DMode":false,"pivot":{"x":355.82623291015627,"y":377.71722412109377,"z":22.23052978515625},"rotation":{"x":0.0438220389187336,"y":-0.013256676495075226,"z":-0.000637627555988729,"w":0.999303936958313},"size":997.9100952148438,"orthographic":false}