{"cameraMode":{"drawMode":0,"name":"Shaded","section":"Shading Mode"},"sceneLighting":false,"audioPlay":false,"sceneViewState":{"showFog":true,"showMaterialUpdate":false,"showSkybox":false,"showFlares":true,"showImageEffects":true,"showParticleSystems":true},"in2DMode":false,"pivot":{"x":-0.029679030179977418,"y":-0.5362354516983032,"z":-2.985588312149048},"rotation":{"x":-0.004802551120519638,"y":-0.9827432632446289,"z":0.1837129443883896,"w":-0.025392131879925729},"size":6.383323669433594,"orthographic":false}