{"cameraMode":{"drawMode":0,"name":"Shaded","section":"Shading Mode"},"sceneLighting":true,"audioPlay":false,"sceneViewState":{"showFog":true,"showMaterialUpdate":false,"showSkybox":true,"showFlares":true,"showImageEffects":true,"showParticleSystems":true},"in2DMode":false,"pivot":{"x":220.35586547851563,"y":261.90045166015627,"z":8.310546875},"rotation":{"x":0.01619543507695198,"y":0.020169684663414956,"z":0.0001295345282414928,"w":-0.9997711777687073},"size":861.7845458984375,"orthographic":false}