{"cameraMode":{"drawMode":0,"name":"Shaded","section":"Shading Mode"},"sceneLighting":false,"audioPlay":false,"sceneViewState":{"showFog":true,"showMaterialUpdate":false,"showSkybox":false,"showFlares":true,"showImageEffects":true,"showParticleSystems":true},"in2DMode":false,"pivot":{"x":0.6053986549377441,"y":6.040862083435059,"z":1.0939984321594239},"rotation":{"x":0.18211627006530763,"y":0.18022628128528596,"z":-0.033884771168231967,"w":0.9660779237747192},"size":26.699230194091798,"orthographic":false}