{"cameraMode":{"drawMode":0,"name":"Shaded","section":"Shading Mode"},"sceneLighting":true,"audioPlay":false,"sceneViewState":{"showFog":true,"showMaterialUpdate":false,"showSkybox":true,"showFlares":true,"showImageEffects":true,"showParticleSystems":true},"in2DMode":false,"pivot":{"x":-21.850858688354493,"y":7.628299713134766,"z":-46.205711364746097},"rotation":{"x":0.09177940338850022,"y":-0.1854732185602188,"z":0.016277706250548364,"w":0.9785763025283814},"size":6.004872798919678,"orthographic":false}