{"cameraMode":{"drawMode":0,"name":"Shaded","section":"Shading Mode"},"sceneLighting":true,"audioPlay":false,"sceneViewState":{"showFog":true,"showMaterialUpdate":false,"showSkybox":true,"showFlares":true,"showImageEffects":true,"showParticleSystems":true},"in2DMode":false,"pivot":{"x":6.6074323654174809,"y":-0.08361741155385971,"z":2.4769136905670168},"rotation":{"x":-0.15061712265014649,"y":0.6466557383537293,"z":-0.13240937888622285,"w":-0.7359703779220581},"size":4.257763385772705,"orthographic":false}