{"cameraMode":{"drawMode":0,"name":"Shaded","section":"Shading Mode"},"sceneLighting":false,"audioPlay":false,"sceneViewState":{"showFog":true,"showMaterialUpdate":false,"showSkybox":false,"showFlares":true,"showImageEffects":true,"showParticleSystems":true},"in2DMode":false,"pivot":{"x":16.64772605895996,"y":-0.6756808757781982,"z":9.701298713684082},"rotation":{"x":0.175601065158844,"y":0.334183931350708,"z":-0.06351551413536072,"w":0.9240080714225769},"size":0.1650000363588333,"orthographic":false}