{"cameraMode":{"drawMode":0,"name":"Shaded","section":"Shading Mode"},"sceneLighting":false,"audioPlay":false,"sceneViewState":{"showFog":true,"showMaterialUpdate":false,"showSkybox":false,"showFlares":true,"showImageEffects":true,"showParticleSystems":true},"in2DMode":false,"pivot":{"x":-3.725290298461914e-9,"y":0.04951661825180054,"z":0.10013261437416077},"rotation":{"x":-0.05497756972908974,"y":0.7086402177810669,"z":-0.05566305294632912,"w":-0.70138019323349},"size":1.3110578060150147,"orthographic":false}