{"cameraMode":{"drawMode":0,"name":"Shaded","section":"Shading Mode"},"sceneLighting":true,"audioPlay":false,"sceneViewState":{"showFog":true,"showMaterialUpdate":false,"showSkybox":true,"showFlares":true,"showImageEffects":true,"showParticleSystems":true},"in2DMode":false,"pivot":{"x":507.43316650390627,"y":273.47955322265627,"z":123.2281494140625},"rotation":{"x":-0.0018055916298180819,"y":0.01749015599489212,"z":-0.0001496563054388389,"w":-0.9999197721481323},"size":886.4502563476563,"orthographic":false}