{"cameraMode":{"drawMode":0,"name":"Shaded","section":"Shading Mode"},"sceneLighting":true,"audioPlay":false,"sceneViewState":{"showFog":true,"showMaterialUpdate":false,"showSkybox":true,"showFlares":true,"showImageEffects":true,"showParticleSystems":true},"in2DMode":false,"pivot":{"x":928.519287109375,"y":957.608154296875,"z":222.44187927246095},"rotation":{"x":0.025195417925715448,"y":-0.0011278002057224513,"z":-0.0000529738754266873,"w":-0.9998410940170288},"size":700.0357666015625,"orthographic":false}