{"cameraMode":{"drawMode":0,"name":"Shaded","section":"Shading Mode"},"sceneLighting":false,"audioPlay":false,"sceneViewState":{"showFog":true,"showMaterialUpdate":false,"showSkybox":false,"showFlares":true,"showImageEffects":true,"showParticleSystems":true},"in2DMode":false,"pivot":{"x":1.639070749282837,"y":1.357500672340393,"z":-0.13085103034973145},"rotation":{"x":-0.024565886706113817,"y":0.9499740600585938,"z":-0.07742258161306381,"w":-0.30194389820098879},"size":5.110642910003662,"orthographic":false}