{"cameraMode":{"drawMode":0,"name":"Shaded","section":"Shading Mode"},"sceneLighting":false,"audioPlay":false,"sceneViewState":{"showFog":true,"showMaterialUpdate":false,"showSkybox":false,"showFlares":true,"showImageEffects":true,"showParticleSystems":true},"in2DMode":false,"pivot":{"x":0.31947511434555056,"y":0.6847288012504578,"z":-0.1603153496980667},"rotation":{"x":-0.09873487055301666,"y":0.6657971143722534,"z":-0.08974055200815201,"w":-0.7342633605003357},"size":1.1893572807312012,"orthographic":false}