{"cameraMode":{"drawMode":0,"name":"Shaded","section":"Shading Mode"},"sceneLighting":true,"audioPlay":false,"sceneViewState":{"showFog":true,"showMaterialUpdate":false,"showSkybox":false,"showFlares":true,"showImageEffects":true,"showParticleSystems":true},"in2DMode":false,"pivot":{"x":-0.1684436798095703,"y":0.432880163192749,"z":1.0226445198059083},"rotation":{"x":0.0790889710187912,"y":-0.12535148859024049,"z":0.010075505822896958,"w":0.98896723985672},"size":3.6255717277526857,"orthographic":false}