{"cameraMode":{"drawMode":0,"name":"Shaded","section":"Shading Mode"},"sceneLighting":true,"audioPlay":false,"sceneViewState":{"showFog":true,"showMaterialUpdate":false,"showSkybox":true,"showFlares":true,"showImageEffects":true,"showParticleSystems":true},"in2DMode":false,"pivot":{"x":184.1636505126953,"y":265.94244384765627,"z":24.06918716430664},"rotation":{"x":-0.04615027457475662,"y":-0.03206532821059227,"z":-0.0014820167561993003,"w":0.9984216094017029},"size":929.3495483398438,"orthographic":false}