{"cameraMode":{"drawMode":0,"name":"Shaded","section":"Shading Mode"},"sceneLighting":true,"audioPlay":false,"sceneViewState":{"showFog":true,"showMaterialUpdate":false,"showSkybox":false,"showFlares":true,"showImageEffects":true,"showParticleSystems":true},"in2DMode":false,"pivot":{"x":-0.07822394371032715,"y":-0.012433081865310669,"z":0.7472986578941345},"rotation":{"x":0.04955524578690529,"y":-0.824543297290802,"z":0.0735645517706871,"w":0.5589600205421448},"size":0.42472827434539797,"orthographic":false}