{"cameraMode":{"drawMode":0,"name":"Shaded","section":"Shading Mode"},"sceneLighting":true,"audioPlay":false,"sceneViewState":{"showFog":true,"showMaterialUpdate":false,"showSkybox":true,"showFlares":true,"showImageEffects":true,"showParticleSystems":true},"in2DMode":false,"pivot":{"x":-21.01021385192871,"y":7.616337299346924,"z":-45.239322662353519},"rotation":{"x":0.23832054436206819,"y":0.36129170656204226,"z":-0.09603255987167359,"w":0.8965663909912109},"size":1.073847770690918,"orthographic":false}