{"cameraMode":{"drawMode":0,"name":"Shaded","section":"Shading Mode"},"sceneLighting":true,"audioPlay":false,"sceneViewState":{"showFog":true,"showMaterialUpdate":false,"showSkybox":true,"showFlares":true,"showImageEffects":true,"showParticleSystems":true},"in2DMode":false,"pivot":{"x":300.3657531738281,"y":488.3682861328125,"z":13.301034927368164},"rotation":{"x":0.05280531197786331,"y":-0.0012573431013152004,"z":-0.0007387193036265671,"w":0.9989778995513916},"size":790.7963256835938,"orthographic":true}