{"cameraMode":{"drawMode":0,"name":"Shaded","section":"Shading Mode"},"sceneLighting":false,"audioPlay":false,"sceneViewState":{"showFog":true,"showMaterialUpdate":false,"showSkybox":false,"showFlares":true,"showImageEffects":true,"showParticleSystems":true},"in2DMode":false,"pivot":{"x":0.12081509828567505,"y":0.10733097791671753,"z":-2.0778534412384035},"rotation":{"x":-0.04356544464826584,"y":-0.9078425765037537,"z":0.09730824828147888,"w":-0.40578246116638186},"size":10.507972717285157,"orthographic":false}