{"cameraMode":{"drawMode":0,"name":"Shaded","section":"Shading Mode"},"sceneLighting":true,"audioPlay":false,"sceneViewState":{"showFog":true,"showMaterialUpdate":false,"showSkybox":false,"showFlares":true,"showImageEffects":true,"showParticleSystems":true},"in2DMode":false,"pivot":{"x":360.5,"y":173.77894592285157,"z":1.0226445198059083},"rotation":{"x":-0.01997959427535534,"y":0.34752845764160159,"z":-0.007404884789139032,"w":-0.9375159740447998},"size":1340.5062255859375,"orthographic":false}