{"cameraMode":{"drawMode":0,"name":"Shaded","section":"Shading Mode"},"sceneLighting":false,"audioPlay":false,"sceneViewState":{"showFog":true,"showMaterialUpdate":false,"showSkybox":false,"showFlares":true,"showImageEffects":true,"showParticleSystems":true},"in2DMode":false,"pivot":{"x":468.71014404296877,"y":708.1582641601563,"z":-5.757354736328125},"rotation":{"x":-0.007196119520813227,"y":-0.012623232789337635,"z":-0.00006794568616896868,"w":1.0001091957092286},"size":508.53558349609377,"orthographic":false}