{"cameraMode":{"drawMode":0,"name":"Shaded","section":"Shading Mode"},"sceneLighting":false,"audioPlay":false,"sceneViewState":{"showFog":true,"showMaterialUpdate":false,"showSkybox":false,"showFlares":true,"showImageEffects":true,"showParticleSystems":true},"in2DMode":false,"pivot":{"x":-0.06405803561210633,"y":0.6794463396072388,"z":-0.4336262345314026},"rotation":{"x":-0.030031096190214158,"y":0.9454888701438904,"z":-0.09136001020669937,"w":-0.31148913502693179},"size":2.689357042312622,"orthographic":false}