{"cameraMode":{"drawMode":0,"name":"Shaded","section":"Shading Mode"},"sceneLighting":true,"audioPlay":false,"sceneViewState":{"showFog":true,"showMaterialUpdate":false,"showSkybox":true,"showFlares":true,"showImageEffects":true,"showParticleSystems":true},"in2DMode":false,"pivot":{"x":-1.6095876693725587,"y":1.1132969856262208,"z":-1.0169830322265626},"rotation":{"x":0.042021963745355609,"y":-0.11224851757287979,"z":0.004825245589017868,"w":0.9928488731384277},"size":3.045234203338623,"orthographic":false}