{"cameraMode":{"drawMode":0,"name":"Shaded","section":"Shading Mode"},"sceneLighting":true,"audioPlay":false,"sceneViewState":{"showFog":true,"showMaterialUpdate":false,"showSkybox":false,"showFlares":true,"showImageEffects":true,"showParticleSystems":true},"in2DMode":false,"pivot":{"x":-0.06053851917386055,"y":0.30075716972351076,"z":0.46014732122421267},"rotation":{"x":-0.18538889288902284,"y":0.708836019039154,"z":-0.20212320983409882,"w":-0.6499806642532349},"size":0.9255720973014832,"orthographic":false}