{"cameraMode":{"drawMode":0,"name":"Shaded","section":"Shading Mode"},"sceneLighting":true,"audioPlay":false,"sceneViewState":{"showFog":true,"showMaterialUpdate":false,"showSkybox":true,"showFlares":true,"showImageEffects":true,"showParticleSystems":true},"in2DMode":false,"pivot":{"x":-13.066496849060059,"y":8.751968383789063,"z":-44.72178649902344},"rotation":{"x":0.14819924533367158,"y":0.14243213832378388,"z":-0.021608497947454454,"w":0.9785880446434021},"size":12.667160034179688,"orthographic":false}