{"cameraMode":{"drawMode":0,"name":"Shaded","section":"Shading Mode"},"sceneLighting":false,"audioPlay":false,"sceneViewState":{"showFog":true,"showMaterialUpdate":false,"showSkybox":true,"showFlares":true,"showImageEffects":true,"showParticleSystems":true},"in2DMode":false,"pivot":{"x":-2.486391544342041,"y":0.24825632572174073,"z":-0.8036596775054932},"rotation":{"x":0.06265383213758469,"y":-0.8701493144035339,"z":0.11474177986383438,"w":0.47513049840927126},"size":9.43599796295166,"orthographic":false}